{
    "Id": "Add",
    "Type": 110,
    "Languages": [
        {
            "Body": "Add"
        },
        {
            "Language": "zh",
            "Body": "添加"
        },
        {
            "Language": "ja",
            "Body": "追加"
        },
        {
            "Language": "de",
            "Body": "Hinzufügen"
        },
        {
            "Language": "ko",
            "Body": "추가"
        },
        {
            "Language": "es",
            "Body": "Añadir"
        },
        {
            "Language": "vn",
            "Body": "Thêm mới"
        }
    ]
}