{
    "Id": "AddPermission",
    "Type": 110,
    "Languages": [
        {
            "Body": "Add permission"
        },
        {
            "Language": "zh",
            "Body": "添加许可"
        },
        {
            "Language": "ja",
            "Body": "権限追加"
        },
        {
            "Language": "de",
            "Body": "Berechtigung hinzufügen"
        },
        {
            "Language": "ko",
            "Body": "권한 추가"
        },
        {
            "Language": "es",
            "Body": "Añadir permiso"
        },
        {
            "Language": "vn",
            "Body": "Thêm quyền"
        }
    ]
}