{
    "Id": "Address",
    "Type": 110,
    "Languages": [
        {
            "Body": "Address"
        },
        {
            "Language": "zh",
            "Body": "地址"
        },
        {
            "Language": "ja",
            "Body": "アドレス"
        },
        {
            "Language": "de",
            "Body": "Adresse"
        },
        {
            "Language": "ko",
            "Body": "주소"
        },
        {
            "Language": "es",
            "Body": "Dirección"
        },
        {
            "Language": "vn",
            "Body": "Địa chỉ"
        }
    ]
}