{
    "Id": "AggregationSettings",
    "Type": 110,
    "Languages": [
        {
            "Body": "Aggregation settings"
        },
        {
            "Language": "zh",
            "Body": "聚合设置"
        },
        {
            "Language": "ja",
            "Body": "集計の設定"
        },
        {
            "Language": "de",
            "Body": "Aggregationseinstellungen"
        },
        {
            "Language": "ko",
            "Body": "집계 설정"
        },
        {
            "Language": "es",
            "Body": "Configuración de agregación"
        },
        {
            "Language": "vn",
            "Body": "Cài đặt thống kê"
        }
    ]
}