{
    "Id": "AggregationDetails",
    "Type": 110,
    "Languages": [
        {
            "Body": "Aggregation details"
        },
        {
            "Language": "zh",
            "Body": "聚合详情"
        },
        {
            "Language": "ja",
            "Body": "集計の詳細設定"
        },
        {
            "Language": "de",
            "Body": "Aggregationsdetails"
        },
        {
            "Language": "ko",
            "Body": "집계 세부사항"
        },
        {
            "Language": "es",
            "Body": "Detalles de agregación"
        },
        {
            "Language": "vn",
            "Body": "Cài đặt chi tiết phần thống kê"
        }
    ]
}