{
    "Id": "AggregationType",
    "Type": 110,
    "Languages": [
        {
            "Body": "Aggregation type"
        },
        {
            "Language": "zh",
            "Body": "聚合类型"
        },
        {
            "Language": "ja",
            "Body": "集計種別"
        },
        {
            "Language": "de",
            "Body": "Aggregationstyp"
        },
        {
            "Language": "ko",
            "Body": "집계 유형"
        },
        {
            "Language": "es",
            "Body": "Tipo de agregación"
        },
        {
            "Language": "vn",
            "Body": "Loại thống kê"
        }
    ]
}