{
    "Id": "AggregationView",
    "Type": 110,
    "Languages": [
        {
            "Body": "Aggregation view"
        },
        {
            "Language": "zh",
            "Body": "聚合视图"
        },
        {
            "Language": "ja",
            "Body": "集計表示"
        },
        {
            "Language": "de",
            "Body": "Ansicht Aggregation"
        },
        {
            "Language": "ko",
            "Body": "집계 보기"
        },
        {
            "Language": "es",
            "Body": "Vista de la agregación"
        },
        {
            "Language": "vn",
            "Body": "Hiển thị thống kê"
        }
    ]
}