﻿{
    "Id": "Always",
    "Type": 110,
    "Languages": [
        {
            "Body": "Always"
        },
        {
            "Language": "zh",
            "Body": "总是"
        },
        {
            "Language": "ja",
            "Body": "常時"
        },
        {
            "Language": "de",
            "Body": "Immer"
        },
        {
            "Language": "ko",
            "Body": "항상"
        },
        {
            "Language": "es",
            "Body": "Siempre"
        },
        {
            "Language": "vn",
            "Body": "Luôn luôn"
        }
    ]
}