{
    "Id": "ApiKeyCreated",
    "Type": 210,
    "Languages": [
        {
            "Body": "API key has been created."
        },
        {
            "Language": "zh",
            "Body": "已创建API密钥。"
        },
        {
            "Language": "ja",
            "Body": "APIキーが作成されました。"
        },
        {
            "Language": "de",
            "Body": "API-Schlüssel wurde erstellt."
        },
        {
            "Language": "ko",
            "Body": "API 키가 생성되었습니다."
        },
        {
            "Language": "es",
            "Body": "Se ha creado la clave API."
        },
        {
            "Language": "vn",
            "Body": "Khóa API đã được tạo."
        }
    ]
}