{
    "Id": "ApprovalMessageInvited",
    "Type": 240,
    "Languages": [
        {
            "Body": "{0} has been already approved and cannot be approved."
        },
        {
            "Language": "zh",
            "Body": "{0}已获批准，无法二次获批。"
        },
        {
            "Language": "ja",
            "Body": "{0} はすでに承認済みの為、承認できません。"
        },
        {
            "Language": "de",
            "Body": "{0} wurde bereits genehmigt und kann deshalb nicht erneut genehmigt werden."
        },
        {
            "Language": "ko",
            "Body": "{0}이(가) 이미 승인되었으므로 승인할 수 없습니다."
        },
        {
            "Language": "es",
            "Body": "{0} se ha aprobado ya y no puede aprobarse."
        },
        {
            "Language": "vn",
            "Body": "{0} đã được phê duyệt trước đó nên không thể phê duyệt lại."
        }
    ]
}