{
    "Id": "Assembly",
    "Type": 110,
    "Languages": [
        {
            "Body": "Assembly"
        },
        {
            "Language": "zh",
            "Body": "组件"
        },
        {
            "Language": "ja",
            "Body": "アセンブリ"
        },
        {
            "Language": "de",
            "Body": "Zusammenstellung"
        },
        {
            "Language": "ko",
            "Body": "어셈블리"
        },
        {
            "Language": "es",
            "Body": "Conjunto"
        },
        {
            "Language": "vn",
            "Body": "Tổ hợp"
        }
    ]
}