﻿{
    "Id": "BinaryStorageProvider",
    "Type": 110,
    "Languages": [
        {
            "Body": "Storage"
        },
        {
            "Language": "zh",
            "Body": "存储"
        },
        {
            "Language": "ja",
            "Body": "格納先"
        },
        {
            "Language": "de",
            "Body": "Lager"
        },
        {
            "Language": "ko",
            "Body": "저장"
        },
        {
            "Language": "es",
            "Body": "Almacenamiento"
        },
        {
            "Language": "vn",
            "Body": "Nơi lưu trữ"
        }
    ]
}