{
    "Id": "BulkUpdated",
    "Type": 210,
    "Languages": [
        {
            "Body": "\" {0} \" entries have been updated."
        },
        {
            "Language": "zh",
            "Body": "“{0}”条目已更新。"
        },
        {
            "Language": "ja",
            "Body": "{0} 件 更新しました。"
        },
        {
            "Language": "de",
            "Body": "„ {0} “ Einträge wurden aktualisiert."
        },
        {
            "Language": "ko",
            "Body": "\" {0} \"개의 항목이 업데이트되었습니다."
        },
        {
            "Language": "es",
            "Body": "Se han actualizado \" {0} \" entradas."
        },
        {
            "Language": "vn",
            "Body": "\" {0} \" bản ghi đã được cập nhật."
        }
    ]
}