﻿{
    "Id": "BulkUpdate",
    "Type": 110,
    "Languages": [
        {
            "Body": "Bulk update"
        },
        {
            "Language": "zh",
            "Body": "批量更新"
        },
        {
            "Language": "ja",
            "Body": "一括更新"
        },
        {
            "Language": "de",
            "Body": "Bulk-Update"
        },
        {
            "Language": "ko",
            "Body": "대량 업데이트"
        },
        {
            "Language": "es",
            "Body": "Actualización masiva"
        },
        {
            "Language": "vn",
            "Body": "Cập nhật hàng loạt"
        }
    ]
}