{
    "Id": "Camera",
    "Type": 110,
    "Languages": [
        {
            "Body": "Camera"
        },
        {
            "Language": "zh",
            "Body": "摄像机"
        },
        {
            "Language": "ja",
            "Body": "カメラ"
        },
        {
            "Language": "de",
            "Body": "Kamera"
        },
        {
            "Language": "ko",
            "Body": "카메라"
        },
        {
            "Language": "es",
            "Body": "Cámara"
        },
        {
            "Language": "vn",
            "Body": "Máy ảnh"
        }
    ]
}