{
    "Id": "Cancel",
    "Type": 110,
    "Languages": [
        {
            "Body": "Cancel"
        },
        {
            "Language": "zh",
            "Body": "取消"
        },
        {
            "Language": "ja",
            "Body": "キャンセル"
        },
        {
            "Language": "de",
            "Body": "Abbrechen"
        },
        {
            "Language": "ko",
            "Body": "취소"
        },
        {
            "Language": "es",
            "Body": "Cancelar"
        },
        {
            "Language": "vn",
            "Body": "Hủy bỏ"
        }
    ]
}