{
    "Id": "ChangingPasswordComplete",
    "Type": 210,
    "Languages": [
        {
            "Body": "Password has been changed."
        },
        {
            "Language": "zh",
            "Body": "密码已变更。"
        },
        {
            "Language": "ja",
            "Body": "パスワードを変更しました。"
        },
        {
            "Language": "de",
            "Body": "Das Passwort wurde geändert."
        },
        {
            "Language": "ko",
            "Body": "비밀번호가 변경되었습니다."
        },
        {
            "Language": "es",
            "Body": "Se ha cambiado la contraseña."
        },
        {
            "Language": "vn",
            "Body": "Mật khẩu đã được thay đổi."
        }
    ]
}