{
    "Id": "ChangePassword",
    "Type": 110,
    "Languages": [
        {
            "Body": "Change password"
        },
        {
            "Language": "zh",
            "Body": "变更密码"
        },
        {
            "Language": "ja",
            "Body": "パスワード変更"
        },
        {
            "Language": "de",
            "Body": "Passwort ändern"
        },
        {
            "Language": "ko",
            "Body": "비밀번호 변경"
        },
        {
            "Language": "es",
            "Body": "Cambiar contraseña"
        },
        {
            "Language": "vn",
            "Body": "Thay đổi mật khẩu"
        }
    ]
}