{
    "Id": "Check",
    "Type": 110,
    "Languages": [
        {
            "Body": "Check"
        },
        {
            "Language": "zh",
            "Body": "选择"
        },
        {
            "Language": "ja",
            "Body": "チェック"
        },
        {
            "Language": "de",
            "Body": "Prüfen"
        },
        {
            "Language": "ko",
            "Body": "선택"
        },
        {
            "Language": "es",
            "Body": "Marcar"
        },
        {
            "Language": "vn",
            "Body": "Đánh dấu"
        }
    ]
}