{
    "Id": "CheckAll",
    "Type": 110,
    "ClientScript": true,
    "Languages": [
        {
            "Body": "Check all"
        },
        {
            "Language": "zh",
            "Body": "选择全部"
        },
        {
            "Language": "ja",
            "Body": "全て選択"
        },
        {
            "Language": "de",
            "Body": "Alle prüfen"
        },
        {
            "Language": "ko",
            "Body": "모두 선택"
        },
        {
            "Language": "es",
            "Body": "Marcar todo"
        },
        {
            "Language": "vn",
            "Body": "Chọn tất cả"
        }
    ]
}