{
    "Id": "CodeDefinerDefCompleted",
    "Type": 210,
    "Languages": [
        {
            "Body": "Code definition has been created."
        },
        {
            "Language": "zh",
            "Body": "已创建代码定义。"
        },
        {
            "Language": "ja",
            "Body": "コード定義の作成処理が完了しました。"
        },
        {
            "Language": "de",
            "Body": "Die Code-Definition wurde erstellt."
        },
        {
            "Language": "ko",
            "Body": "코드 정의가 생성되었습니다."
        },
        {
            "Language": "es",
            "Body": "Se ha creado la definición del código."
        },
        {
            "Language": "vn",
            "Body": "Đã hoàn thành xử lí tạo định nghĩa code."
        }
    ]
}