{
    "Id": "CodeDefinerBackupCompleted",
    "Type": 210,
    "Languages": [
        {
            "Body": "Backup of solution files has been completed."
        },
        {
            "Language": "zh",
            "Body": "解决方案文件已完成备份。"
        },
        {
            "Language": "ja",
            "Body": "ソリューションフィアル群のバックアップが完了しました。"
        },
        {
            "Language": "de",
            "Body": "Die Sicherung der Lösungsdateien ist abgeschlossen."
        },
        {
            "Language": "ko",
            "Body": "솔루션 파일 백업이 완료되었습니다."
        },
        {
            "Language": "es",
            "Body": "Se han realizado copias de seguridad de los archivos de la solución."
        },
        {
            "Language": "vn",
            "Body": "Đã hoàn thành sao lưu các tệp giải pháp."
        }
    ]
}