{
    "Id": "ColumnList",
    "Type": 110,
    "Languages": [
        {
            "Body": "Column list"
        },
        {
            "Language": "zh",
            "Body": "列清单"
        },
        {
            "Language": "ja",
            "Body": "項目一覧"
        },
        {
            "Language": "de",
            "Body": "Spaltenliste"
        },
        {
            "Language": "ko",
            "Body": "열 목록"
        },
        {
            "Language": "es",
            "Body": "Lista de columnas"
        },
        {
            "Language": "vn",
            "Body": "Danh sách các mục"
        }
    ]
}