{
    "Id": "CommentUpdated",
    "Type": 110,
    "Languages": [
        {
            "Body": "Update"
        },
        {
            "Language": "zh",
            "Body": "更新"
        },
        {
            "Language": "ja",
            "Body": "更新"
        },
        {
            "Language": "de",
            "Body": "Aktualisieren"
        },
        {
            "Language": "ko",
            "Body": "업데이트"
        },
        {
            "Language": "es",
            "Body": "Actualizar"
        },
        {
            "Language": "vn",
            "Body": "Cập nhật"
        }
    ]
}