{
    "Id": "ConfirmUnload",
    "Type": 310,
    "ClientScript": true,
    "Languages": [
        {
            "Body": "Are you sure you want to leave this page? Changes you made may not be saved."
        },
        {
            "Language": "zh",
            "Body": "是否确定离开此页面？离开后可能无法保存此前的变更。"
        },
        {
            "Language": "ja",
            "Body": "このページを離れますか? 行った変更が保存されない可能性があります。"
        },
        {
            "Language": "de",
            "Body": "Möchten Sie diese Seite tatsächlich verlassen? Die von Ihnen durchgeführten Änderungen werden möglicherweise nicht gespeichert."
        },
        {
            "Language": "ko",
            "Body": "이 페이지에서 나가시겠습니까? 변경사항이 저장되지 않을 수 있습니다."
        },
        {
            "Language": "es",
            "Body": "¿Está seguro de que quiere salir de este sitio? Es posible que no se guarden los cambios realizados."
        },
        {
            "Language": "vn",
            "Body": "Bạn có chắc muốn rời khỏi trang web này không? Thay đổi của bạn có thể sẽ không được lưu."
        }
    ]
}