{
    "Id": "ConfirmSynchronize",
    "Type": 310,
    "ClientScript": true,
    "Languages": [
        {
            "Body": "Are you sure you want to synchronize the data?"
        },
        {
            "Language": "zh",
            "Body": "是否确定同步数据？"
        },
        {
            "Language": "ja",
            "Body": "データを同期してもよろしいですか？"
        },
        {
            "Language": "de",
            "Body": "Sollen die Daten tatsächlich synchronisiert werden?"
        },
        {
            "Language": "ko",
            "Body": "데이터를 동기화하시겠습니까?"
        },
        {
            "Language": "es",
            "Body": "¿Está seguro de que quiere sincronizar los datos?"
        },
        {
            "Language": "vn",
            "Body": "Bạn có chắc muốn đồng bộ dữ liệu không?"
        }
    ]
}