{
    "Id": "ControlType",
    "Type": 110,
    "Languages": [
        {
            "Body": "Control type"
        },
        {
            "Language": "zh",
            "Body": "控制类型"
        },
        {
            "Language": "ja",
            "Body": "コントロール種別"
        },
        {
            "Language": "de",
            "Body": "Kontrolltyp"
        },
        {
            "Language": "ko",
            "Body": "제어 유형"
        },
        {
            "Language": "es",
            "Body": "Tipo de control"
        },
        {
            "Language": "vn",
            "Body": "Loại điều khiển"
        }
    ]
}