{
    "Id": "CopySettings",
    "Type": 110,
    "Languages": [
        {
            "Body": "Copy settings"
        },
        {
            "Language": "zh",
            "Body": "复制设置"
        },
        {
            "Language": "ja",
            "Body": "コピー設定"
        },
        {
            "Language": "de",
            "Body": "Einstellungen kopieren"
        },
        {
            "Language": "ko",
            "Body": "복사 설정"
        },
        {
            "Language": "es",
            "Body": "Copiar los ajustes"
        },
        {
            "Language": "vn",
            "Body": "Cài đặt sao chép"
        }
    ]
}