{
    "Id": "Copy",
    "Type": 110,
    "Languages": [
        {
            "Body": "Copy"
        },
        {
            "Language": "zh",
            "Body": "复制"
        },
        {
            "Language": "ja",
            "Body": "コピー"
        },
        {
            "Language": "de",
            "Body": "Kopieren"
        },
        {
            "Language": "ko",
            "Body": "복사"
        },
        {
            "Language": "es",
            "Body": "Copiar"
        },
        {
            "Language": "vn",
            "Body": "Sao chép"
        }
    ]
}