{
    "Id": "Crosstab",
    "Type": 110,
    "Languages": [
        {
            "Body": "Crosstab"
        },
        {
            "Language": "zh",
            "Body": "交叉表"
        },
        {
            "Language": "ja",
            "Body": "クロス集計"
        },
        {
            "Language": "de",
            "Body": "Kreuztabelle"
        },
        {
            "Language": "ko",
            "Body": "크로스탭"
        },
        {
            "Language": "es",
            "Body": "Tabla cruzada"
        },
        {
            "Language": "vn",
            "Body": "Bảng chéo"
        }
    ]
}