{
    "Id": "CurrentMembers",
    "Type": 110,
    "Languages": [
        {
            "Body": "Current members"
        },
        {
            "Language": "zh",
            "Body": "当前成员"
        },
        {
            "Language": "ja",
            "Body": "現在のメンバー"
        },
        {
            "Language": "de",
            "Body": "Aktuelle Mitglieder"
        },
        {
            "Language": "ko",
            "Body": "현재 구성원"
        },
        {
            "Language": "es",
            "Body": "Miembros actuales"
        },
        {
            "Language": "vn",
            "Body": "Thành viên hiện tại"
        }
    ]
}