{
    "Id": "Currency",
    "Type": 110,
    "Languages": [
        {
            "Body": "Currency"
        },
        {
            "Language": "zh",
            "Body": "现金"
        },
        {
            "Language": "ja",
            "Body": "通貨"
        },
        {
            "Language": "de",
            "Body": "Währung"
        },
        {
            "Language": "ko",
            "Body": "통화"
        },
        {
            "Language": "es",
            "Body": "Moneda"
        },
        {
            "Language": "vn",
            "Body": "Tiền tệ"
        }
    ]
}