{
    "Id": "CurrentPassword",
    "Type": 110,
    "Languages": [
        {
            "Body": "Current password"
        },
        {
            "Language": "zh",
            "Body": "当前密码"
        },
        {
            "Language": "ja",
            "Body": "現在のパスワード"
        },
        {
            "Language": "de",
            "Body": "Aktuelles Passwort"
        },
        {
            "Language": "ko",
            "Body": "현재 비밀번호"
        },
        {
            "Language": "es",
            "Body": "Contraseña actual"
        },
        {
            "Language": "vn",
            "Body": "Mật khẩu hiện tại"
        }
    ]
}