{
    "Id": "Custom",
    "Type": 110,
    "Languages": [
        {
            "Body": "Custom"
        },
        {
            "Language": "zh",
            "Body": "自定义"
        },
        {
            "Language": "ja",
            "Body": "カスタム"
        },
        {
            "Language": "de",
            "Body": "Individuell"
        },
        {
            "Language": "ko",
            "Body": "사용자 정의"
        },
        {
            "Language": "es",
            "Body": "Personalizar"
        },
        {
            "Language": "vn",
            "Body": "Tùy chỉnh"
        }
    ]
}