{
    "Id": "DataView",
    "Type": 110,
    "Languages": [
        {
            "Body": "View"
        },
        {
            "Language": "zh",
            "Body": "视图"
        },
        {
            "Language": "ja",
            "Body": "ビュー"
        },
        {
            "Language": "de",
            "Body": "Anzeigen"
        },
        {
            "Language": "ko",
            "Body": "보기"
        },
        {
            "Language": "es",
            "Body": "Ver"
        },
        {
            "Language": "vn",
            "Body": "Chế độ hiển thị"
        }
    ]
}