﻿{
    "Id": "Database",
    "Type": 110,
    "Languages": [
        {
            "Body": "Database"
        },
        {
            "Language": "zh",
            "Body": "数据库"
        },
        {
            "Language": "ja",
            "Body": "データベース"
        },
        {
            "Language": "de",
            "Body": "Datenbank"
        },
        {
            "Language": "ko",
            "Body": "데이터 베이스"
        },
        {
            "Language": "es",
            "Body": "Base de datos"
        },
        {
            "Language": "vn",
            "Body": "Cơ sở dữ liệu"
        }
    ]
}