{
    "Id": "Day",
    "Type": 110,
    "Languages": [
        {
            "Body": "Day"
        },
        {
            "Language": "zh",
            "Body": "天"
        },
        {
            "Language": "ja",
            "Body": "日"
        },
        {
            "Language": "de",
            "Body": "Tag"
        },
        {
            "Language": "ko",
            "Body": "일"
        },
        {
            "Language": "es",
            "Body": "Día"
        },
        {
            "Language": "vn",
            "Body": "Ngày"
        }
    ]
}