{
    "Id": "DefaultInput",
    "Type": 110,
    "Languages": [
        {
            "Body": "Default value"
        },
        {
            "Language": "zh",
            "Body": "默认值"
        },
        {
            "Language": "ja",
            "Body": "規定値"
        },
        {
            "Language": "de",
            "Body": "Standardwert"
        },
        {
            "Language": "ko",
            "Body": "기본값"
        },
        {
            "Language": "es",
            "Body": "Valor predeterminado"
        },
        {
            "Language": "vn",
            "Body": "Giá trị mặc định"
        }
    ]
}