{
    "Id": "DefinitionNotFound",
    "Type": 240,
    "Languages": [
        {
            "Body": "The specified \" {0} \" was not found in \" {1} \"."
        },
        {
            "Language": "zh",
            "Body": "此前未在“{1}”中找到指定的“{0}”。"
        },
        {
            "Language": "ja",
            "Body": "指定された \" {0} \" は \" {1} \" に存在しませんでした。"
        },
        {
            "Language": "de",
            "Body": "Angabe „ {0} “ wurde in „ {1} “ nicht gefunden."
        },
        {
            "Language": "ko",
            "Body": "지정된 \" {0} \"이(가) \" {1} \"에 없습니다."
        },
        {
            "Language": "es",
            "Body": "No se encontró el \" {0} \" especificado en \" {1} \"."
        },
        {
            "Language": "vn",
            "Body": "\" {0} \" được chỉ định không tìm thấy trong \" {1} \"."
        }
    ]
}