{
    "Id": "Delay",
    "Type": 110,
    "Languages": [
        {
            "Body": "Delay"
        },
        {
            "Language": "zh",
            "Body": "延迟"
        },
        {
            "Language": "ja",
            "Body": "遅延"
        },
        {
            "Language": "de",
            "Body": "Verzögerung"
        },
        {
            "Language": "ko",
            "Body": "지연"
        },
        {
            "Language": "es",
            "Body": "Retrasar"
        },
        {
            "Language": "vn",
            "Body": "Trì hoãn"
        }
    ]
}