{
    "Id": "DeleteSite",
    "Type": 110,
    "Languages": [
        {
            "Body": "Delete site"
        },
        {
            "Language": "zh",
            "Body": "删除站点"
        },
        {
            "Language": "ja",
            "Body": "サイト削除"
        },
        {
            "Language": "de",
            "Body": "Site löschen"
        },
        {
            "Language": "ko",
            "Body": "사이트 삭제"
        },
        {
            "Language": "es",
            "Body": "Eliminar sitio"
        },
        {
            "Language": "vn",
            "Body": "Xóa trang"
        }
    ]
}