{
    "Id": "Difference",
    "Type": 110,
    "Languages": [
        {
            "Body": "Difference"
        },
        {
            "Language": "zh",
            "Body": "差别"
        },
        {
            "Language": "ja",
            "Body": "予実差"
        },
        {
            "Language": "de",
            "Body": "Differenz"
        },
        {
            "Language": "ko",
            "Body": "차이점"
        },
        {
            "Language": "es",
            "Body": "Diferencia"
        },
        {
            "Language": "vn",
            "Body": "Chênh lệch"
        }
    ]
}