﻿{
    "Id": "Direct",
    "Type": 110,
    "Languages": [
        {
            "Body": "Direct"
        },
        {
            "Language": "zh",
            "Body": "直接"
        },
        {
            "Language": "ja",
            "Body": "ダイレクト"
        },
        {
            "Language": "de",
            "Body": "Direkte"
        },
        {
            "Language": "ko",
            "Body": "곧장"
        },
        {
            "Language": "es",
            "Body": "Directo"
        },
        {
            "Language": "vn",
            "Body": "Trực tiếp"
        }
    ]
}