{
    "Id": "EarnedValue",
    "Type": 110,
    "Languages": [
        {
            "Body": "Earned value"
        },
        {
            "Language": "zh",
            "Body": "挣值"
        },
        {
            "Language": "ja",
            "Body": "実績"
        },
        {
            "Language": "de",
            "Body": "Fertigstellungswert"
        },
        {
            "Language": "ko",
            "Body": "획득값"
        },
        {
            "Language": "es",
            "Body": "Valor ganado"
        },
        {
            "Language": "vn",
            "Body": "Thực thu"
        }
    ]
}