{
    "Id": "Edit",
    "Type": 110,
    "Languages": [
        {
            "Body": "Edit"
        },
        {
            "Language": "zh",
            "Body": "编辑"
        },
        {
            "Language": "ja",
            "Body": "編集"
        },
        {
            "Language": "de",
            "Body": "Bearbeiten"
        },
        {
            "Language": "ko",
            "Body": "편집"
        },
        {
            "Language": "es",
            "Body": "Editar"
        },
        {
            "Language": "vn",
            "Body": "Chỉnh sửa"
        }
    ]
}