{
    "Id": "EditorFormat",
    "Type": 110,
    "Languages": [
        {
            "Body": "Editor format"
        },
        {
            "Language": "zh",
            "Body": "编辑器格式"
        },
        {
            "Language": "ja",
            "Body": "エディタの書式"
        },
        {
            "Language": "de",
            "Body": "Editor-Format"
        },
        {
            "Language": "ko",
            "Body": "편집기 형식"
        },
        {
            "Language": "es",
            "Body": "Formato de editor"
        },
        {
            "Language": "vn",
            "Body": "Định dạng trình biên tập"
        }
    ]
}