{
    "Id": "Education",
    "Type": 110,
    "Languages": [
        {
            "Body": "Education/HRD"
        },
        {
            "Language": "zh",
            "Body": "指导/HRD"
        },
        {
            "Language": "ja",
            "Body": "教育・人材開発"
        },
        {
            "Language": "de",
            "Body": "Schulung/Personalwesen"
        },
        {
            "Language": "ko",
            "Body": "교육/HRD"
        },
        {
            "Language": "es",
            "Body": "Educación/HRD"
        },
        {
            "Language": "vn",
            "Body": "Giáo dục/Phát triển nguồn nhân lực"
        }
    ]
}