{
    "Id": "Enabled",
    "Type": 110,
    "Languages": [
        {
            "Body": "Enabled"
        },
        {
            "Language": "zh",
            "Body": "已启用"
        },
        {
            "Language": "ja",
            "Body": "有効"
        },
        {
            "Language": "de",
            "Body": "Aktiviert"
        },
        {
            "Language": "ko",
            "Body": "활성화됨"
        },
        {
            "Language": "es",
            "Body": "Activado"
        },
        {
            "Language": "vn",
            "Body": "Kích hoạt"
        }
    ]
}