{
    "Id": "Error",
    "Type": 110,
    "Languages": [
        {
            "Body": "Error"
        },
        {
            "Language": "zh",
            "Body": "错误"
        },
        {
            "Language": "ja",
            "Body": "エラー"
        },
        {
            "Language": "de",
            "Body": "Fehler"
        },
        {
            "Language": "ko",
            "Body": "오류"
        },
        {
            "Language": "es",
            "Body": "Error"
        },
        {
            "Language": "vn",
            "Body": "Lỗi"
        }
    ]
}