﻿{
    "Id": "ExportEmailTitleFaild",
    "Type": 110,
    "Languages": [
        {
            "Body": "Failed to export."
        },
        {
            "Language": "zh",
            "Body": "出口失败。"
        },
        {
            "Language": "ja",
            "Body": "エクスポートに失敗しました。"
        },
        {
            "Language": "de",
            "Body": "Export fehlgeschlagen."
        },
        {
            "Language": "ko",
            "Body": "내 보내지 못했습니다."
        },
        {
            "Language": "es",
            "Body": "No se pudo exportar."
        },
        {
            "Language": "vn",
            "Body": "Xuất dữ liệu thất bại."
        }
    ]
}