{
    "Id": "ExportColumns",
    "Type": 110,
    "Languages": [
        {
            "Body": "Columns to export"
        },
        {
            "Language": "zh",
            "Body": "待导出列"
        },
        {
            "Language": "ja",
            "Body": "エクスポートする項目"
        },
        {
            "Language": "de",
            "Body": "Zu exportierende Spalten"
        },
        {
            "Language": "ko",
            "Body": "내보낼 열"
        },
        {
            "Language": "es",
            "Body": "Columnas para exportar"
        },
        {
            "Language": "vn",
            "Body": "Mục xuất dữ liệu"
        }
    ]
}