﻿{
    "Id": "ExportEmailTitle",
    "Type": 110,
    "Languages": [
        {
            "Body": "[{0}]Export completed"
        },
        {
            "Language": "zh",
            "Body": "[{0}]导出完成"
        },
        {
            "Language": "ja",
            "Body": "[{0}]エクスポートが完了しました。"
        },
        {
            "Language": "de",
            "Body": "[{0}]Export abgeschlossen"
        },
        {
            "Language": "ko",
            "Body": "[{0}]수출 완료"
        },
        {
            "Language": "es",
            "Body": "[{0}]Exportación completada"
        },
        {
            "Language": "vn",
            "Body": "[{0}]Xuất dữ liệu hoàn thành"
        }
    ]
}