﻿{
    "Id": "ExtendedHtmlBeforeField",
    "Type": 110,
    "Languages": [
        {
            "Body": "Before the field"
        },
        {
            "Language": "zh",
            "Body": "田野前"
        },
        {
            "Language": "ja",
            "Body": "フィールドの前"
        },
        {
            "Language": "de",
            "Body": "Vor dem Feld"
        },
        {
            "Language": "ko",
            "Body": "필드 앞에"
        },
        {
            "Language": "es",
            "Body": "Antes del campo"
        },
        {
            "Language": "vn",
            "Body": "Phía trước trường"
        }
    ]
}