﻿{
    "Id": "ExtendedFieldCss",
    "Type": 110,
    "Languages": [
        {
            "Body": "Field css"
        },
        {
            "Language": "zh",
            "Body": "外地css"
        },
        {
            "Language": "ja",
            "Body": "フィールドCSS"
        },
        {
            "Language": "de",
            "Body": "Feld CSS"
        },
        {
            "Language": "ko",
            "Body": "필드 CSS"
        },
        {
            "Language": "es",
            "Body": "CSS de campo"
        },
        {
            "Language": "vn",
            "Body": "Trường CSS"
        }
    ]
}