﻿{
    "Id": "ExtendedHtml",
    "Type": 110,
    "Languages": [
        {
            "Body": "Extended HTML"
        },
        {
            "Language": "zh",
            "Body": "扩展HTML"
        },
        {
            "Language": "ja",
            "Body": "拡張HTML"
        },
        {
            "Language": "de",
            "Body": "Erweitertes HTML"
        },
        {
            "Language": "ko",
            "Body": "확장 된 HTML"
        },
        {
            "Language": "es",
            "Body": "HTML extendido"
        },
        {
            "Language": "vn",
            "Body": "HTML mở rộng"
        }
    ]
}