{
    "Id": "File",
    "Type": 110,
    "Languages": [
        {
            "Body": "File"
        },
        {
            "Language": "zh",
            "Body": "文件"
        },
        {
            "Language": "ja",
            "Body": "ファイル"
        },
        {
            "Language": "de",
            "Body": "Datei"
        },
        {
            "Language": "ko",
            "Body": "파일"
        },
        {
            "Language": "es",
            "Body": "Archivo"
        },
        {
            "Language": "vn",
            "Body": "Tệp tin"
        }
    ]
}