{
    "Id": "Folder",
    "Type": 110,
    "Languages": [
        {
            "Body": "Folder"
        },
        {
            "Language": "zh",
            "Body": "文件夹"
        },
        {
            "Language": "ja",
            "Body": "フォルダ"
        },
        {
            "Language": "de",
            "Body": "Ordner"
        },
        {
            "Language": "ko",
            "Body": "폴더"
        },
        {
            "Language": "es",
            "Body": "Carpeta"
        },
        {
            "Language": "vn",
            "Body": "Thư mục"
        }
    ]
}