{
    "Id": "Formulas",
    "Type": 110,
    "Languages": [
        {
            "Body": "Formulas"
        },
        {
            "Language": "zh",
            "Body": "公式"
        },
        {
            "Language": "ja",
            "Body": "計算式"
        },
        {
            "Language": "de",
            "Body": "Formeln"
        },
        {
            "Language": "ko",
            "Body": "공식"
        },
        {
            "Language": "es",
            "Body": "Fórmulas"
        },
        {
            "Language": "vn",
            "Body": "Công thức"
        }
    ]
}