{
    "Id": "Format",
    "Type": 110,
    "Languages": [
        {
            "Body": "Format"
        },
        {
            "Language": "zh",
            "Body": "格式"
        },
        {
            "Language": "ja",
            "Body": "書式"
        },
        {
            "Language": "de",
            "Body": "Format"
        },
        {
            "Language": "ko",
            "Body": "형식"
        },
        {
            "Language": "es",
            "Body": "Formato"
        },
        {
            "Language": "vn",
            "Body": "Định dạng"
        }
    ]
}