{
    "Id": "Fy",
    "Type": 110,
    "Languages": [
        {
            "Body": "FY {0}"
        },
        {
            "Language": "zh",
            "Body": "FY {0}"
        },
        {
            "Language": "ja",
            "Body": "{0} 年度"
        },
        {
            "Language": "de",
            "Body": "GJ {0}"
        },
        {
            "Language": "ko",
            "Body": "FY {0}"
        },
        {
            "Language": "es",
            "Body": "FY {0}"
        },
        {
            "Language": "vn",
            "Body": "Năm tài khóa {0}"
        }
    ]
}