{
    "Id": "Gantt",
    "Type": 110,
    "Languages": [
        {
            "Body": "Gantt chart"
        },
        {
            "Language": "zh",
            "Body": "甘特图"
        },
        {
            "Language": "ja",
            "Body": "ガントチャート"
        },
        {
            "Language": "de",
            "Body": "Gantt-Diagramm"
        },
        {
            "Language": "ko",
            "Body": "간트 차트"
        },
        {
            "Language": "es",
            "Body": "Gráfica de Gantt"
        },
        {
            "Language": "vn",
            "Body": "Biểu đồ Gantt"
        }
    ]
}