{
    "Id": "GroupByX",
    "Type": 110,
    "Languages": [
        {
            "Body": "Group by column"
        },
        {
            "Language": "zh",
            "Body": "按列分组"
        },
        {
            "Language": "ja",
            "Body": "列の分類"
        },
        {
            "Language": "de",
            "Body": "Gruppieren nach Spalte"
        },
        {
            "Language": "ko",
            "Body": "열별 그룹"
        },
        {
            "Language": "es",
            "Body": "Agrupar por columna"
        },
        {
            "Language": "vn",
            "Body": "Phân loại theo cột"
        }
    ]
}