{
    "Id": "Half2",
    "Type": 110,
    "Languages": [
        {
            "Body": "FY {0} H2"
        },
        {
            "Language": "zh",
            "Body": "FY {0} H2"
        },
        {
            "Language": "ja",
            "Body": "{0}年度下半期"
        },
        {
            "Language": "de",
            "Body": "GJ {0} H2"
        },
        {
            "Language": "ko",
            "Body": "FY {0} H2"
        },
        {
            "Language": "es",
            "Body": "FY {0} H2"
        },
        {
            "Language": "vn",
            "Body": "Nửa cuối năm tài khóa {0}"
        }
    ]
}