{
    "Id": "HideList",
    "Type": 110,
    "Languages": [
        {
            "Body": "Hide list"
        },
        {
            "Language": "zh",
            "Body": "隐藏列表"
        },
        {
            "Language": "ja",
            "Body": "非表示一覧"
        },
        {
            "Language": "de",
            "Body": "Liste ausblenden"
        },
        {
            "Language": "ko",
            "Body": "숨기기 목록"
        },
        {
            "Language": "es",
            "Body": "Ocultar lista"
        },
        {
            "Language": "vn",
            "Body": "Danh sách không hiển thị"
        }
    ]
}