{
    "Id": "Hide",
    "Type": 110,
    "Languages": [
        {
            "Body": "Hide"
        },
        {
            "Language": "zh",
            "Body": "隐藏"
        },
        {
            "Language": "ja",
            "Body": "非表示"
        },
        {
            "Language": "de",
            "Body": "Ausblenden"
        },
        {
            "Language": "ko",
            "Body": "숨기기"
        },
        {
            "Language": "es",
            "Body": "Ocultar"
        },
        {
            "Language": "vn",
            "Body": "Không hiển thị"
        }
    ]
}