﻿{
    "Id": "HtmlTitle",
    "Type": 110,
    "Languages": [
        {
            "Body": "HTML title"
        },
        {
            "Language": "zh",
            "Body": "HTML标题"
        },
        {
            "Language": "ja",
            "Body": "HTMLタイトル"
        },
        {
            "Language": "de",
            "Body": "HTML-Titel"
        },
        {
            "Language": "ko",
            "Body": "HTML 제목"
        },
        {
            "Language": "es",
            "Body": "Título HTML"
        },
        {
            "Language": "vn",
            "Body": "Tiêu đề HTML"
        }
    ]
}