{
    "Id": "Icon",
    "Type": 110,
    "Languages": [
        {
            "Body": "Icon"
        },
        {
            "Language": "zh",
            "Body": "图标"
        },
        {
            "Language": "ja",
            "Body": "アイコン"
        },
        {
            "Language": "de",
            "Body": "Symbol"
        },
        {
            "Language": "ko",
            "Body": "아이콘"
        },
        {
            "Language": "es",
            "Body": "Icono"
        },
        {
            "Language": "vn",
            "Body": "Biểu tượng"
        }
    ]
}