{
    "Id": "ImageOnly",
    "Type": 110,
    "Languages": [
        {
            "Body": "Image only"
        },
        {
            "Language": "zh",
            "Body": "仅图像"
        },
        {
            "Language": "ja",
            "Body": "画像のみ"
        },
        {
            "Language": "de",
            "Body": "Nur Bild"
        },
        {
            "Language": "ko",
            "Body": "이미지만"
        },
        {
            "Language": "es",
            "Body": "Solo imagen"
        },
        {
            "Language": "vn",
            "Body": "Chỉ hình ảnh"
        }
    ]
}