{
    "Id": "Import",
    "Type": 110,
    "Languages": [
        {
            "Body": "Import"
        },
        {
            "Language": "zh",
            "Body": "导入"
        },
        {
            "Language": "ja",
            "Body": "インポート"
        },
        {
            "Language": "de",
            "Body": "Importieren"
        },
        {
            "Language": "ko",
            "Body": "가져오기"
        },
        {
            "Language": "es",
            "Body": "Importar"
        },
        {
            "Language": "vn",
            "Body": "Nhập dữ liệu"
        }
    ]
}