{
    "Id": "Imported",
    "Type": 210,
    "Languages": [
        {
            "Body": "{0} entries have been added and {1} entries updated."
        },
        {
            "Language": "zh",
            "Body": "已添加{0}条目，已更新{1}条目。"
        },
        {
            "Language": "ja",
            "Body": "{0} 件追加し、{1} 件更新しました。"
        },
        {
            "Language": "de",
            "Body": "{0} Einträge wurden hinzugefügt und {1} Einträge aktualisiert."
        },
        {
            "Language": "ko",
            "Body": "{0}개의 항목이 추가되었으며 {1}개의 항목이 업데이트되었습니다."
        },
        {
            "Language": "es",
            "Body": "Se han añadido {0} entradas y se han actualizado {1}."
        },
        {
            "Language": "vn",
            "Body": "{0} bản ghi đã được thêm và {1} bản ghi đã được cập nhật."
        }
    ]
}