{
    "Id": "IncorrectCurrentPassword",
    "Type": 240,
    "Languages": [
        {
            "Body": "Current password is incorrect."
        },
        {
            "Language": "zh",
            "Body": "当前密码错误。"
        },
        {
            "Language": "ja",
            "Body": "現在のパスワードが不正です。"
        },
        {
            "Language": "de",
            "Body": "Das aktuelle Passwort ist falsch."
        },
        {
            "Language": "ko",
            "Body": "현재 비밀번호가 올바르지 않습니다."
        },
        {
            "Language": "es",
            "Body": "La contraseña actual no es correcta."
        },
        {
            "Language": "vn",
            "Body": "Mật khẩu hiện tại không chính xác."
        }
    ]
}