{
    "Id": "Invited",
    "Type": 110,
    "Languages": [
        {
            "Body": "Invited"
        },
        {
            "Language": "zh",
            "Body": "已邀请"
        },
        {
            "Language": "ja",
            "Body": "招待済み"
        },
        {
            "Language": "de",
            "Body": "Eingeladen"
        },
        {
            "Language": "ko",
            "Body": "초대됨"
        },
        {
            "Language": "es",
            "Body": "Invitado"
        },
        {
            "Language": "vn",
            "Body": "Đã mời"
        }
    ]
}