{
    "Id": "Invite",
    "Type": 110,
    "Languages": [
        {
            "Body": "Invite"
        },
        {
            "Language": "zh",
            "Body": "邀请"
        },
        {
            "Language": "ja",
            "Body": "招待"
        },
        {
            "Language": "de",
            "Body": "Einladen"
        },
        {
            "Language": "ko",
            "Body": "초대"
        },
        {
            "Language": "es",
            "Body": "Invitar"
        },
        {
            "Language": "vn",
            "Body": "Mời"
        }
    ]
}