{
    "Id": "Invitee",
    "Type": 0,
    "Languages": [
        {
            "Body": "Invitee"
        },
        {
            "Language": "zh",
            "Body": "受邀请者"
        },
        {
            "Language": "ja",
            "Body": "招待者"
        },
        {
            "Language": "de",
            "Body": "Eingeladener"
        },
        {
            "Language": "ko",
            "Body": "초대 대상"
        },
        {
            "Language": "es",
            "Body": "Invitado"
        },
        {
            "Language": "vn",
            "Body": "Người được mời"
        }
    ]
}