{
    "Id": "Latest",
    "Type": 110,
    "Languages": [
        {
            "Body": "Latest"
        },
        {
            "Language": "zh",
            "Body": "最新"
        },
        {
            "Language": "ja",
            "Body": "最新"
        },
        {
            "Language": "de",
            "Body": "Neueste"
        },
        {
            "Language": "ko",
            "Body": "최신"
        },
        {
            "Language": "es",
            "Body": "Más reciente"
        },
        {
            "Language": "vn",
            "Body": "Mới nhất"
        }
    ]
}