{
    "Id": "Leader",
    "Type": 110,
    "Languages": [
        {
            "Body": "Leader"
        },
        {
            "Language": "zh",
            "Body": "主管"
        },
        {
            "Language": "ja",
            "Body": "リーダー"
        },
        {
            "Language": "de",
            "Body": "Gesprächsleiter"
        },
        {
            "Language": "ko",
            "Body": "리더"
        },
        {
            "Language": "es",
            "Body": "Jefe"
        },
        {
            "Language": "vn",
            "Body": "Người chỉ huy"
        }
    ]
}