{
    "Id": "License",
    "Type": 110,
    "Languages": [
        {
            "Body": "License"
        },
        {
            "Language": "zh",
            "Body": "许可"
        },
        {
            "Language": "ja",
            "Body": "ライセンス"
        },
        {
            "Language": "de",
            "Body": "Lizenz"
        },
        {
            "Language": "ko",
            "Body": "라이선스"
        },
        {
            "Language": "es",
            "Body": "Licencia"
        },
        {
            "Language": "vn",
            "Body": "Giấy phép"
        }
    ]
}