{
    "Id": "Licensee",
    "Type": 110,
    "Languages": [
        {
            "Body": "Licensee"
        },
        {
            "Language": "zh",
            "Body": "获许可方"
        },
        {
            "Language": "ja",
            "Body": "使用者"
        },
        {
            "Language": "de",
            "Body": "Lizenznehmer"
        },
        {
            "Language": "ko",
            "Body": "라이선스 소지자"
        },
        {
            "Language": "es",
            "Body": "Titular de la licencia"
        },
        {
            "Language": "vn",
            "Body": "Người được cấp giấy phép"
        }
    ]
}