{
    "Id": "LimitAfterDay",
    "Type": 110,
    "Languages": [
        {
            "Body": "1 day later"
        },
        {
            "Language": "zh",
            "Body": "1天后"
        },
        {
            "Language": "ja",
            "Body": "1 日後"
        },
        {
            "Language": "de",
            "Body": "1 Tag später"
        },
        {
            "Language": "ko",
            "Body": "1일 후"
        },
        {
            "Language": "es",
            "Body": "1 día después"
        },
        {
            "Language": "vn",
            "Body": "1 ngày sau"
        }
    ]
}