{
    "Id": "LimitBeforeSecond",
    "Type": 110,
    "Languages": [
        {
            "Body": "1 second exceeded"
        },
        {
            "Language": "zh",
            "Body": "已超出1秒"
        },
        {
            "Language": "ja",
            "Body": "1 秒超過"
        },
        {
            "Language": "de",
            "Body": "1 Sekunde überschritten"
        },
        {
            "Language": "ko",
            "Body": "1초 초과됨"
        },
        {
            "Language": "es",
            "Body": "1 segundo de más"
        },
        {
            "Language": "vn",
            "Body": "Quá 1 giây"
        }
    ]
}