{
    "Id": "LimitJust",
    "Type": 110,
    "Languages": [
        {
            "Body": "Just now"
        },
        {
            "Language": "zh",
            "Body": "现在"
        },
        {
            "Language": "ja",
            "Body": "現在"
        },
        {
            "Language": "de",
            "Body": "Soeben"
        },
        {
            "Language": "ko",
            "Body": "지금 당장"
        },
        {
            "Language": "es",
            "Body": "Justo ahora"
        },
        {
            "Language": "vn",
            "Body": "Hiện tại"
        }
    ]
}