{
    "Id": "LimitBeforeDay",
    "Type": 110,
    "Languages": [
        {
            "Body": "1 day exceeded"
        },
        {
            "Language": "zh",
            "Body": "已超出1天"
        },
        {
            "Language": "ja",
            "Body": "1 日超過"
        },
        {
            "Language": "de",
            "Body": "1 Tag überschritten"
        },
        {
            "Language": "ko",
            "Body": "1일 초과됨"
        },
        {
            "Language": "es",
            "Body": "1 día de más"
        },
        {
            "Language": "vn",
            "Body": "Quá 1 ngày"
        }
    ]
}