{
    "Id": "LimitBeforeYears",
    "Type": 110,
    "Languages": [
        {
            "Body": "{0} years exceeded"
        },
        {
            "Language": "zh",
            "Body": "已超出{0}年"
        },
        {
            "Language": "ja",
            "Body": "{0} 年超過"
        },
        {
            "Language": "de",
            "Body": "{0} Jahre überschritten"
        },
        {
            "Language": "ko",
            "Body": "{0}년 초과됨"
        },
        {
            "Language": "es",
            "Body": "{0} años de más"
        },
        {
            "Language": "vn",
            "Body": "Quá {0} năm"
        }
    ]
}