{
    "Id": "LimitAfterSecond",
    "Type": 110,
    "Languages": [
        {
            "Body": "1 second later"
        },
        {
            "Language": "zh",
            "Body": "1秒后"
        },
        {
            "Language": "ja",
            "Body": "1 秒後"
        },
        {
            "Language": "de",
            "Body": "1 Sekunde später"
        },
        {
            "Language": "ko",
            "Body": "1초 후"
        },
        {
            "Language": "es",
            "Body": "1 segundo después"
        },
        {
            "Language": "vn",
            "Body": "1 giây sau"
        }
    ]
}