{
    "Id": "LinkColumn",
    "Type": 110,
    "Languages": [
        {
            "Body": "Link column"
        },
        {
            "Language": "zh",
            "Body": "链接列"
        },
        {
            "Language": "ja",
            "Body": "リンク項目"
        },
        {
            "Language": "de",
            "Body": "Spalte verknüpfen"
        },
        {
            "Language": "ko",
            "Body": "링크 열"
        },
        {
            "Language": "es",
            "Body": "Vincular columna"
        },
        {
            "Language": "vn",
            "Body": "Mục liên kết"
        }
    ]
}