{
    "Id": "LinkDestinations",
    "Type": 110,
    "Languages": [
        {
            "Body": "Link destinations"
        },
        {
            "Language": "zh",
            "Body": "链接目的地"
        },
        {
            "Language": "ja",
            "Body": "リンク先"
        },
        {
            "Language": "de",
            "Body": "Ziele verknüpfen"
        },
        {
            "Language": "ko",
            "Body": "링크 대상"
        },
        {
            "Language": "es",
            "Body": "Destinos de enlace"
        },
        {
            "Language": "vn",
            "Body": "Đích liên kết"
        }
    ]
}