{
    "Id": "Links",
    "Type": 110,
    "Languages": [
        {
            "Body": "Links"
        },
        {
            "Language": "zh",
            "Body": "链接"
        },
        {
            "Language": "ja",
            "Body": "リンク"
        },
        {
            "Language": "de",
            "Body": "Verknüpfungen"
        },
        {
            "Language": "ko",
            "Body": "링크"
        },
        {
            "Language": "es",
            "Body": "Enlaces"
        },
        {
            "Language": "vn",
            "Body": "Liên kết"
        }
    ]
}