{
    "Id": "LinkSources",
    "Type": 110,
    "Languages": [
        {
            "Body": "Link sources"
        },
        {
            "Language": "zh",
            "Body": "链接源"
        },
        {
            "Language": "ja",
            "Body": "リンク元"
        },
        {
            "Language": "de",
            "Body": "Verknüpfungsquellen"
        },
        {
            "Language": "ko",
            "Body": "링크 소스"
        },
        {
            "Language": "es",
            "Body": "Orígenes de enlace"
        },
        {
            "Language": "vn",
            "Body": "Nguồn liên kết"
        }
    ]
}