{
    "Id": "ListMode",
    "Type": 110,
    "Languages": [
        {
            "Body": "List mode"
        },
        {
            "Language": "zh",
            "Body": "列表模式"
        },
        {
            "Language": "ja",
            "Body": "一覧モード"
        },
        {
            "Language": "de",
            "Body": "Listenmodus"
        },
        {
            "Language": "ko",
            "Body": "목록 모드"
        },
        {
            "Language": "es",
            "Body": "Modo de lista"
        },
        {
            "Language": "vn",
            "Body": "Chế độ danh sách"
        }
    ]
}